{"@/Modelling/Tripod/ActuatedArm1/ServoMotor/BaseFrame/dofs.position": [-25.98076211353315, -1.35, 15.000000000000014, 0.0, 0.8660254037844386, 0.0, 0.5000000000000001], "@/Modelling/Tripod/ActuatedArm0/ServoMotor/BaseFrame/dofs.position": [7.34788079488412e-15, -1.35, -30.0, 0.0, 0.0, 0.0, 1.0], "@/Modelling/Tripod/ActuatedArm2/ServoMotor.angleIn": -0.25, "@/Modelling/Tripod/ActuatedArm1/ServoMotor.angleIn": -0.25, "@/Modelling/Tripod/ActuatedArm0/ServoMotor.angleIn": -0.25, "@/Modelling/Tripod/ActuatedArm2/ServoMotor/BaseFrame/dofs.position": [25.980762113533174, -1.35, 14.999999999999968, 0.0, 0.8660254037844387, 0.0, -0.4999999999999998]}
